dataset,file,rows,ratio_vs_int32,engine,threads,seconds,rows_per_sec,outliers
taxi,taxi_distance,41168696,2.52,cpu,1,1.258,32725514,1554274
taxi,taxi_distance,41168696,2.52,cpu,4,0.340,121084400,1554274
taxi,taxi_distance,41168696,2.52,cpu,8,0.182,226201626,1554274
taxi,taxi_distance,41168696,2.52,cpu,16,0.104,395852846,1554274
taxi,taxi_distance,41168696,2.52,cpu,32,0.081,508255506,1554274
taxi,taxi_distance,41168696,2.52,fpga,6,0.018,2287149778,1322935
taxi,taxi_fare,41169720,3.54,cpu,1,1.230,33471317,10312
taxi,taxi_fare,41169720,3.54,cpu,4,0.329,125135927,10312
taxi,taxi_fare,41169720,3.54,cpu,8,0.179,229998436,10312
taxi,taxi_fare,41169720,3.54,cpu,16,0.104,395862692,10312
taxi,taxi_fare,41169720,3.54,cpu,32,0.077,534671688,10312
taxi,taxi_fare,41169720,3.54,fpga,6,0.017,2421748235,634104
taxi,taxi_tip,41169720,4.92,cpu,1,1.268,32468233,1113132
taxi,taxi_tip,41169720,4.92,cpu,4,0.336,122528929,1113132
taxi,taxi_tip,41169720,4.92,cpu,8,0.184,223748478,1113132
taxi,taxi_tip,41169720,4.92,cpu,16,0.103,399706019,1113132
taxi,taxi_tip,41169720,4.92,cpu,32,0.080,514621500,1113132
taxi,taxi_tip,41169720,4.92,fpga,6,0.017,2421748235,942157
taxi,taxi_passengers,37078488,14.21,cpu,1,1.177,31502539,1351584
taxi,taxi_passengers,37078488,14.21,cpu,4,0.313,118461623,1351584
taxi,taxi_passengers,37078488,14.21,cpu,8,0.168,220705286,1351584
taxi,taxi_passengers,37078488,14.21,cpu,16,0.095,390299874,1351584
taxi,taxi_passengers,37078488,14.21,cpu,32,0.079,469347949,1351584
taxi,taxi_passengers,37078488,14.21,fpga,6,0.014,2648463429,1077238
