rows,fpga_op_ms,cpu_op_ms,speedup,fpga_decode_ms,fpga_passes_ms,fpga_cpu_seconds,cpu_cpu_seconds,fpga_e2e_s,cpu_e2e_s,pass1,fused,flags_ok
1000000,4.490000000000001,13.999999999999998,3.1180400890868585,2.37,2.123333333333333,0.012758666666666668,0.06487033333333335,0.007,0.013999999999999999,global,na,1
3000000,6.853333333333333,16.0,2.3346303501945527,3.9633333333333334,2.89,0.024616,0.18796866666666667,0.009333333333333332,0.016,global,na,1
6000000,9.676666666666668,20.0,2.066827419910437,5.666666666666667,4.010000000000001,0.044154666666666675,0.326212,0.012000000000000002,0.02,global,na,1
10000000,14.906666666666666,28.0,1.8783542039355994,9.046666666666667,5.859999999999999,0.07097266666666667,0.5104120000000001,0.017666666666666667,0.028,global,na,1
20000000,22.17,43.666666666666664,1.969628627274094,13.226666666666667,8.943333333333333,0.11234466666666666,0.9525186666666667,0.024999999999999998,0.043666666666666666,global,na,1
40000000,38.949999999999996,75.33333333333333,1.9341035515618314,22.94666666666667,15.996666666666668,0.19939733333333334,1.7976133333333333,0.042,0.07533333333333332,global,na,1
60000000,55.56999999999999,109.0,1.9614900125967252,32.37,23.2,0.29132933333333333,2.6823556666666666,0.05933333333333333,0.109,global,na,1
80000000,72.54666666666667,142.00000000000003,1.9573607792685173,42.49333333333333,30.05333333333333,0.38473033333333334,3.6457856666666664,0.077,0.14200000000000002,global,na,1
100000000,92.02,168.33333333333334,1.829312468303992,54.47,37.550000000000004,0.489112,4.378865333333334,0.09666666666666668,0.16833333333333333,global,na,1
