file,rows,bytes,bytes_per_row,encodings,groups,min_group,min_group_mod8,coltype,distinct,sum_square,expected_flags
/home/yukoek/bench/microbench/sizesweep/size_1M.parquet,1000000,4001344,4.00,PLAIN,9,16960,0,INT32,234652,22727170851254001,1000
/home/yukoek/bench/microbench/sizesweep/size_3M.parquet,3000000,12003611,4.00,PLAIN,25,50880,0,INT32,241349,68137952078438500,3000
/home/yukoek/bench/microbench/sizesweep/size_6M.parquet,6000000,24007011,4.00,PLAIN,49,101760,0,INT32,243857,136306863452976414,6000
/home/yukoek/bench/microbench/sizesweep/size_10M.parquet,10000000,40011662,4.00,PLAIN,82,46720,0,INT32,247381,227155959208763519,10000
/home/yukoek/bench/microbench/sizesweep/size_20M.parquet,20000000,80023116,4.00,PLAIN,163,93440,0,INT32,259747,454304614197868654,20000
/home/yukoek/bench/microbench/sizesweep/size_40M.parquet,40000000,160046246,4.00,PLAIN,326,64000,0,INT32,276372,908425377353855296,40000
/home/yukoek/bench/microbench/sizesweep/size_60M.parquet,60000000,240069622,4.00,PLAIN,489,34560,0,INT32,290278,1362513932968675635,60000
/home/yukoek/bench/microbench/sizesweep/size_80M.parquet,80000000,320092975,4.00,PLAIN,652,5120,0,INT32,308086,1816655248699748043,80000
/home/yukoek/bench/microbench/sizesweep/size_100M.parquet,100000000,400116214,4.00,PLAIN,814,98560,0,INT32,323359,2270999125023058304,100000
